No.,"Issue
Date",Contents,Author,URL
第59卷587期,20230220,高山深水不足畏 叢林城鎮任縱橫,汪念瑩,https://www.mnd.gov.tw/PublishMPPeriodical.aspx?title=%u8ecd%u4e8b%u520a%u7269&id=7
第59卷587期,20230220,薪火相傳、我武維揚—鎮東部隊,鄧穎隆、陳楚心,https://www.mnd.gov.tw/PublishMPPeriodical.aspx?title=%u8ecd%u4e8b%u520a%u7269&id=7
第59卷587期,20230220,無私無畏 愛民如己 為民前鋒 勤訓精練 精實戰力,蘇統偉,https://www.mnd.gov.tw/PublishMPPeriodical.aspx?title=%u8ecd%u4e8b%u520a%u7269&id=7
第59卷587期,20230220,中英對照－軍爭篇,黎明文化出版社授權刊登,https://www.mnd.gov.tw/PublishMPPeriodical.aspx?title=%u8ecd%u4e8b%u520a%u7269&id=7
第59卷587期,20230220,ADP 5-0 作戰規劃程序 第二章 計畫(上) ,鄧炘傑,https://www.mnd.gov.tw/PublishMPPeriodical.aspx?title=%u8ecd%u4e8b%u520a%u7269&id=7
第59卷587期,20230220,1942年英、日新加坡作戰對我防衛作戰之啟示,謝志淵,https://www.mnd.gov.tw/PublishMPPeriodical.aspx?title=%u8ecd%u4e8b%u520a%u7269&id=7
第59卷587期,20230220,中共第二十屆黨全國代表大會軍事高層菁英甄補研析,許宏任,https://www.mnd.gov.tw/PublishMPPeriodical.aspx?title=%u8ecd%u4e8b%u520a%u7269&id=7
第59卷587期,20230220,忠誠精實大家庭，緣定今生同歡慶,余永章,https://www.mnd.gov.tw/PublishMPPeriodical.aspx?title=%u8ecd%u4e8b%u520a%u7269&id=7
第58卷586期,20221213,勤訓嚴考—捷豹部隊，陸軍戰力之把關者,蔡承晏,https://www.mnd.gov.tw/PublishMPPeriodical.aspx?title=%u8ecd%u4e8b%u520a%u7269&id=7
第58卷586期,20221213,傳承海鵬部隊軍魂，再現勝利之師榮耀,朱君亹,https://www.mnd.gov.tw/PublishMPPeriodical.aspx?title=%u8ecd%u4e8b%u520a%u7269&id=7
第58卷586期,20221213,防毒抗疫化學兵、榮耀傳承花崗情,林麗卿,https://www.mnd.gov.tw/PublishMPPeriodical.aspx?title=%u8ecd%u4e8b%u520a%u7269&id=7
第58卷586期,20221213,共軍城鎮戰演變與展望：學習、訓練及對臺之意涵,蔡婷?、吳佳幸,https://www.mnd.gov.tw/PublishMPPeriodical.aspx?title=%u8ecd%u4e8b%u520a%u7269&id=7
第58卷586期,20221213,從野戰戰略評析龍陵戰役對國軍之啟示,蕭新民,https://www.mnd.gov.tw/PublishMPPeriodical.aspx?title=%u8ecd%u4e8b%u520a%u7269&id=7
第58卷586期,20221213,指參作業程序之計畫作為與計畫執行階段關係研究,余永章,https://www.mnd.gov.tw/PublishMPPeriodical.aspx?title=%u8ecd%u4e8b%u520a%u7269&id=7
第58卷586期,20221213,中共非戰爭軍事行動之發展—以胡、習兩時期為例,謝游麟,https://www.mnd.gov.tw/PublishMPPeriodical.aspx?title=%u8ecd%u4e8b%u520a%u7269&id=7
第58卷585期,20221003,毋忘在莒—弘揚莒光部隊優良軍風與光輝歷史,陳益舜,https://www.mnd.gov.tw/PublishMPPeriodical.aspx?title=%u8ecd%u4e8b%u520a%u7269&id=7
第58卷585期,20221003,我武維揚—傳承長城部隊軍魂精神，榮耀歷史見證,彭智麟,https://www.mnd.gov.tw/PublishMPPeriodical.aspx?title=%u8ecd%u4e8b%u520a%u7269&id=7
第58卷585期,20221003,科技先導—引領陸軍教育訓練數位化轉型,陳致聰,https://www.mnd.gov.tw/PublishMPPeriodical.aspx?title=%u8ecd%u4e8b%u520a%u7269&id=7
第58卷585期,20221003,戰術防禦重返軍事主流之研究,劉宗翰,https://www.mnd.gov.tw/PublishMPPeriodical.aspx?title=%u8ecd%u4e8b%u520a%u7269&id=7
第58卷585期,20221003,1945年沖繩島戰役之研究—兼論對國軍防衛作戰啟示,鄒琮隆,https://www.mnd.gov.tw/PublishMPPeriodical.aspx?title=%u8ecd%u4e8b%u520a%u7269&id=7
第58卷585期,20221003,美、「中」近年南海軍事平衡作為之意涵與影響,吳慕強,https://www.mnd.gov.tw/PublishMPPeriodical.aspx?title=%u8ecd%u4e8b%u520a%u7269&id=7
第58卷585期,20221003,共軍聯合登陸作戰能力之研究—以2020、2021年軍演為例,王健民,https://www.mnd.gov.tw/PublishMPPeriodical.aspx?title=%u8ecd%u4e8b%u520a%u7269&id=7
第58卷584期,20220801,任重而道遠—傳承岳崙部隊軍魂精神，榮耀歷史見證,余家明,https://www.mnd.gov.tw/PublishMPPeriodical.aspx?title=%u8ecd%u4e8b%u520a%u7269&id=7
第58卷584期,20220801,製造翻修 整舊如新—陸軍兵整中心,石岳修,https://www.mnd.gov.tw/PublishMPPeriodical.aspx?title=%u8ecd%u4e8b%u520a%u7269&id=7
第58卷584期,20220801,我武維揚—傳承銀河部隊軍魂精神，榮耀歷史見證,黃清培,https://www.mnd.gov.tw/PublishMPPeriodical.aspx?title=%u8ecd%u4e8b%u520a%u7269&id=7
第58卷584期,20220801,我武維揚—傳承精勤部隊軍魂精神，榮耀歷史見證,王彩庄,https://www.mnd.gov.tw/PublishMPPeriodical.aspx?title=%u8ecd%u4e8b%u520a%u7269&id=7
第58卷584期,20220801,戰區陸上作戰之分析—對伊拉克聯軍陸上部隊作戰經驗觀察及省思,鄧炘傑,https://www.mnd.gov.tw/PublishMPPeriodical.aspx?title=%u8ecd%u4e8b%u520a%u7269&id=7
第58卷584期,20220801,應用運動科學優化陸軍兵科體能訓練系統之初探,蘇明仁、陳仁德,https://www.mnd.gov.tw/PublishMPPeriodical.aspx?title=%u8ecd%u4e8b%u520a%u7269&id=7
第58卷584期,20220801,堅守要塞，浴血抗敵—石牌保衛戰,秦大智,https://www.mnd.gov.tw/PublishMPPeriodical.aspx?title=%u8ecd%u4e8b%u520a%u7269&id=7
第58卷584期,20220801,探索兵書《孫子兵法》結合戰術與野戰戰略運用之啟示,談秉澄、余永章,https://www.mnd.gov.tw/PublishMPPeriodical.aspx?title=%u8ecd%u4e8b%u520a%u7269&id=7
第58卷584期,20220801,淺析陸軍「戰術想定與作為要領」特性與重要性,王佩陸,https://www.mnd.gov.tw/PublishMPPeriodical.aspx?title=%u8ecd%u4e8b%u520a%u7269&id=7
第58卷584期,20220801,今昔歷史照片回顧紀錄,編輯部,https://www.mnd.gov.tw/PublishMPPeriodical.aspx?title=%u8ecd%u4e8b%u520a%u7269&id=7
第58卷583期,20220607,我武維揚—岡南屏障的少康部隊,黃盈福、吳蕙繻,https://www.mnd.gov.tw/PublishMPPeriodical.aspx?title=%u8ecd%u4e8b%u520a%u7269&id=7
第58卷583期,20220607,虎嘯龍陵、關渡衛戍—虎嘯部隊的榮耀歷史,游孟憲,https://www.mnd.gov.tw/PublishMPPeriodical.aspx?title=%u8ecd%u4e8b%u520a%u7269&id=7
第58卷583期,20220607,榮耀輝煌繫大漢、發揚忠誠之軍風,謝榮昇、鄭銘儀,https://www.mnd.gov.tw/PublishMPPeriodical.aspx?title=%u8ecd%u4e8b%u520a%u7269&id=7
第58卷583期,20220607,中共在後新冠肺炎世界的戰略目標,劉宗翰,https://www.mnd.gov.tw/PublishMPPeriodical.aspx?title=%u8ecd%u4e8b%u520a%u7269&id=7
第58卷583期,20220607,探討習近平時期之軍隊文職人員制度,謝游麟,https://www.mnd.gov.tw/PublishMPPeriodical.aspx?title=%u8ecd%u4e8b%u520a%u7269&id=7
第58卷583期,20220607,共軍兩棲合成旅突擊登陸戰法之研究—以2020年東南海域聯合登島演練為例,陳俊丞、吳光中,https://www.mnd.gov.tw/PublishMPPeriodical.aspx?title=%u8ecd%u4e8b%u520a%u7269&id=7
第58卷583期,20220607,榮耀黃埔人 ,"羅際琴,高天瑞,陸保華,余永章",https://www.mnd.gov.tw/PublishMPPeriodical.aspx?title=%u8ecd%u4e8b%u520a%u7269&id=7
第58卷582期,20220408,發揚熾盛火力—砲兵部隊嚴考精訓之光榮傳承,雷智欽,https://www.mnd.gov.tw/PublishMPPeriodical.aspx?title=%u8ecd%u4e8b%u520a%u7269&id=7
第58卷582期,20220408,但使龍城飛將在，不教胡馬渡陰山,郭俊佑,https://www.mnd.gov.tw/PublishMPPeriodical.aspx?title=%u8ecd%u4e8b%u520a%u7269&id=7
第58卷582期,20220408,威「鎮」國「疆」—發揮「同島一命」神聖意涵,陳沛杉,https://www.mnd.gov.tw/PublishMPPeriodical.aspx?title=%u8ecd%u4e8b%u520a%u7269&id=7
第58卷582期,20220408,多領域戰鬥—廿一世紀戰爭新型態,鄧炘傑,https://www.mnd.gov.tw/PublishMPPeriodical.aspx?title=%u8ecd%u4e8b%u520a%u7269&id=7
第58卷582期,20220408,2030年戰略情勢之判斷—臺海危機可能性,曾祥穎,https://www.mnd.gov.tw/PublishMPPeriodical.aspx?title=%u8ecd%u4e8b%u520a%u7269&id=7
第58卷582期,20220408,回顧1950～1970年美日德軍事顧問團對國軍反登陸作戰建議之研究 —兼論對國軍防衛作戰之啟示,溫培基、謝志淵,https://www.mnd.gov.tw/PublishMPPeriodical.aspx?title=%u8ecd%u4e8b%u520a%u7269&id=7
第58卷582期,20220408,戰力與決心的統合—登步島作戰之啟示,曾柏元,https://www.mnd.gov.tw/PublishMPPeriodical.aspx?title=%u8ecd%u4e8b%u520a%u7269&id=7
第58卷582期,20220408,溫故知新—研究古戰史成敗因素，對現代戰爭之啟示,談秉澄,https://www.mnd.gov.tw/PublishMPPeriodical.aspx?title=%u8ecd%u4e8b%u520a%u7269&id=7
第58卷581期,20220126,我武維揚－傳承誠實部隊軍魂精神，榮耀歷史見證,高明弘,https://www.mnd.gov.tw/PublishMPPeriodical.aspx?title=%u8ecd%u4e8b%u520a%u7269&id=7
第58卷581期,20220126,培育優質卓越工兵－金陵部隊光榮隊史之回顧與體認,林佳躍,https://www.mnd.gov.tw/PublishMPPeriodical.aspx?title=%u8ecd%u4e8b%u520a%u7269&id=7
第58卷581期,20220126,我武維揚－傳承崑崙部隊堅實精神，榮耀歷史見證,李明學,https://www.mnd.gov.tw/PublishMPPeriodical.aspx?title=%u8ecd%u4e8b%u520a%u7269&id=7
第58卷581期,20220126,國軍軍隊管理的挑戰與因應,萬文卓,https://www.mnd.gov.tw/PublishMPPeriodical.aspx?title=%u8ecd%u4e8b%u520a%u7269&id=7
第58卷581期,20220126,探討《孫子兵法》制勝之道：從形到勢,謝游麟,https://www.mnd.gov.tw/PublishMPPeriodical.aspx?title=%u8ecd%u4e8b%u520a%u7269&id=7
第58卷581期,20220126,中日「松山之役」對我野戰用兵之啟示,蔡忠祺,https://www.mnd.gov.tw/PublishMPPeriodical.aspx?title=%u8ecd%u4e8b%u520a%u7269&id=7
第58卷581期,20220126,「曼陀羅(九宮格)思考法」運用於陸軍學院指參教育之研究,蕭英煜,https://www.mnd.gov.tw/PublishMPPeriodical.aspx?title=%u8ecd%u4e8b%u520a%u7269&id=7
第58卷581期,20220126,國軍遷臺後陸軍指參教育的改制與整併—民國38～58年,王懷慶,https://www.mnd.gov.tw/PublishMPPeriodical.aspx?title=%u8ecd%u4e8b%u520a%u7269&id=7
第58卷581期,20220126,新年道賀,編輯部,https://www.mnd.gov.tw/PublishMPPeriodical.aspx?title=%u8ecd%u4e8b%u520a%u7269&id=7
第57卷580期,20211207,支前安後、主動服務－發揚承勤部隊麒麟精神,韋厚存,https://www.mnd.gov.tw/PublishMPPeriodical.aspx?title=%u8ecd%u4e8b%u520a%u7269&id=7
第57卷580期,20211207,我武維揚－傳承漢陽部隊軍魂精神，榮耀歷史見證,葉智瑤,https://www.mnd.gov.tw/PublishMPPeriodical.aspx?title=%u8ecd%u4e8b%u520a%u7269&id=7
第57卷580期,20211207,我武維揚－傳承金鷹部隊軍魂精神，榮耀歷史見證,陳亮宏,https://www.mnd.gov.tw/PublishMPPeriodical.aspx?title=%u8ecd%u4e8b%u520a%u7269&id=7
第57卷580期,20211207,中英對照－虛實篇,黎明文化出版社授權刊登,https://www.mnd.gov.tw/PublishMPPeriodical.aspx?title=%u8ecd%u4e8b%u520a%u7269&id=7
第57卷580期,20211207,憶念黃埔老師－我所認識的劉寧善將軍,黃奕炳,https://www.mnd.gov.tw/PublishMPPeriodical.aspx?title=%u8ecd%u4e8b%u520a%u7269&id=7
第57卷580期,20211207,中共戰略支援部隊功能發展與對我資訊戰影響之研究,朱鋕德、李建鵬,https://www.mnd.gov.tw/PublishMPPeriodical.aspx?title=%u8ecd%u4e8b%u520a%u7269&id=7
第57卷580期,20211207,淺談美國陸軍「作戰進程」之持續判斷作為,唐泰禧、陳鈞奎,https://www.mnd.gov.tw/PublishMPPeriodical.aspx?title=%u8ecd%u4e8b%u520a%u7269&id=7
第57卷580期,20211207,民國28年（1939）桂南會戰之崑崙關戰鬥研究-兼論對國軍防衛作戰之啟示,謝志淵,https://www.mnd.gov.tw/PublishMPPeriodical.aspx?title=%u8ecd%u4e8b%u520a%u7269&id=7
第57卷580期,20211207,逢山開路，遇水架橋,陳威霖、張中任、李致祥 、蔡俊德、黃彥儒、陳永立、方麒凱、涂信任、洪存助,https://www.mnd.gov.tw/PublishMPPeriodical.aspx?title=%u8ecd%u4e8b%u520a%u7269&id=7
第57卷579期,20211008,我武維揚—傳承黃龍部隊軍魂精神，榮耀歷史見證,陳桂蘭,https://www.mnd.gov.tw/PublishMPPeriodical.aspx?title=%u8ecd%u4e8b%u520a%u7269&id=7
第57卷579期,20211008,我武維揚—傳承天雷部隊軍魂精神，榮耀歷史見證,郭仲川,https://www.mnd.gov.tw/PublishMPPeriodical.aspx?title=%u8ecd%u4e8b%u520a%u7269&id=7
第57卷579期,20211008,一柱擎天—傳承擎天部隊一夫當關精神，見證歷史榮光,吳文川,https://www.mnd.gov.tw/PublishMPPeriodical.aspx?title=%u8ecd%u4e8b%u520a%u7269&id=7
第57卷579期,20211008,紀念古寧頭戰役勝利72周年歷史照片回顧,編輯部主編　余永章備役上校,https://www.mnd.gov.tw/PublishMPPeriodical.aspx?title=%u8ecd%u4e8b%u520a%u7269&id=7
第57卷579期,20211008,戰場發展計畫：為美陸軍現代化作為提供整體戰役評估　譯,劉宗翰,https://www.mnd.gov.tw/PublishMPPeriodical.aspx?title=%u8ecd%u4e8b%u520a%u7269&id=7
第57卷579期,20211008,「學思達教學法」運用之研究 —以「共軍聯合戰役理論研究」課程為例 ,蕭英煜,https://www.mnd.gov.tw/PublishMPPeriodical.aspx?title=%u8ecd%u4e8b%u520a%u7269&id=7
第57卷579期,20211008,運用戰術肌力體能訓練提升部隊訓練初探,蘇明仁,https://www.mnd.gov.tw/PublishMPPeriodical.aspx?title=%u8ecd%u4e8b%u520a%u7269&id=7
第57卷579期,20211008,我國海岸巡防部隊以非正規作戰協力國軍防衛作戰之可行性研究,倪邦力、袁志忠,https://www.mnd.gov.tw/PublishMPPeriodical.aspx?title=%u8ecd%u4e8b%u520a%u7269&id=7
第57卷579期,20211008,從晉滅吳之役論外線作戰與啟示,涂榮華,https://www.mnd.gov.tw/PublishMPPeriodical.aspx?title=%u8ecd%u4e8b%u520a%u7269&id=7
第57卷578期,20210805,追求精修巧製、嚴安慎測－陸軍通基廠,吳彥誼,https://www.mnd.gov.tw/PublishMPPeriodical.aspx?title=%u8ecd%u4e8b%u520a%u7269&id=7
第57卷578期,20210805,傳承虎威部隊軍魂精神，榮耀歷史見證,李振嘉,https://www.mnd.gov.tw/PublishMPPeriodical.aspx?title=%u8ecd%u4e8b%u520a%u7269&id=7
第57卷578期,20210805,全島一心軍民抗疫有信心,李家衡、陳羿璉、江立裕、謝名威、林志霖、黃英傑、郭怡君、蔡孟達、江立裕、胡庭瑄、許博鈞,https://www.mnd.gov.tw/PublishMPPeriodical.aspx?title=%u8ecd%u4e8b%u520a%u7269&id=7
第57卷578期,20210805,加速軍事創新—以中共和以色列為例,鄧炘傑,https://www.mnd.gov.tw/PublishMPPeriodical.aspx?title=%u8ecd%u4e8b%u520a%u7269&id=7
第57卷578期,20210805,建置無源雷達對提升國軍防空預警能力之研究,劉昱呈、李建鵬,https://www.mnd.gov.tw/PublishMPPeriodical.aspx?title=%u8ecd%u4e8b%u520a%u7269&id=7
第57卷578期,20210805,《荀子．議兵》軍事思想之研究,鍾心豪、吳平語,https://www.mnd.gov.tw/PublishMPPeriodical.aspx?title=%u8ecd%u4e8b%u520a%u7269&id=7
第57卷578期,20210805,兵法與戰史的結合：從《百將傳》看《孫子兵法》的運用,鄭尊仁,https://www.mnd.gov.tw/PublishMPPeriodical.aspx?title=%u8ecd%u4e8b%u520a%u7269&id=7
第57卷577期,20210601,我武維揚—傳承迅雷部隊軍魂精神，榮耀歷史見證,連偉志,https://www.mnd.gov.tw/PublishMPPeriodical.aspx?title=%u8ecd%u4e8b%u520a%u7269&id=7
第57卷577期,20210601,軍威震天—雄獅部隊　堅苦卓絕薪火相傳,林志穎,https://www.mnd.gov.tw/PublishMPPeriodical.aspx?title=%u8ecd%u4e8b%u520a%u7269&id=7
第57卷577期,20210601,黃埔生活花絮篇,陳玟浩、陸友齡、許人中、簡紹偉,https://www.mnd.gov.tw/PublishMPPeriodical.aspx?title=%u8ecd%u4e8b%u520a%u7269&id=7
第57卷577期,20210601,美國軍方發展反無人機策略的重要性分析,鄧炘傑,https://www.mnd.gov.tw/PublishMPPeriodical.aspx?title=%u8ecd%u4e8b%u520a%u7269&id=7
第57卷577期,20210601,對臺灣本島歷代防衛作戰的觀察與省思,王懷慶,https://www.mnd.gov.tw/PublishMPPeriodical.aspx?title=%u8ecd%u4e8b%u520a%u7269&id=7
第57卷577期,20210601,2020年共軍東、南部戰區登島演習研析—兼論對國軍防衛作戰之啟示,于鵬飛、謝志淵,https://www.mnd.gov.tw/PublishMPPeriodical.aspx?title=%u8ecd%u4e8b%u520a%u7269&id=7
第57卷577期,20210601,培養陸軍優質幹部重要元素與觀點,余永章,https://www.mnd.gov.tw/PublishMPPeriodical.aspx?title=%u8ecd%u4e8b%u520a%u7269&id=7
第57卷577期,20210601,共軍半潛船發展對防衛作戰影響之觀點,周寬渝、陳威霖,https://www.mnd.gov.tw/PublishMPPeriodical.aspx?title=%u8ecd%u4e8b%u520a%u7269&id=7
第57卷576期,20210408,我武維揚—傳承登步部隊軍魂精神，榮耀歷史見證,陳俊男,https://www.mnd.gov.tw/PublishMPPeriodical.aspx?title=%u8ecd%u4e8b%u520a%u7269&id=7
第57卷576期,20210408,雄鎮臺海固金湯，太武巍巍捍家邦 —傳承太武部隊忠烈精神，光榮衛國典範,何國嘉,https://www.mnd.gov.tw/PublishMPPeriodical.aspx?title=%u8ecd%u4e8b%u520a%u7269&id=7
第57卷576期,20210408,Reconceiving Modern Warfare—A Unified Model 重新思考現代作戰—統一的模式,鄧炘傑,https://www.mnd.gov.tw/PublishMPPeriodical.aspx?title=%u8ecd%u4e8b%u520a%u7269&id=7
第57卷576期,20210408,軍人「戰鬥體能」訓練發展之研究,吳榮福、林育成,https://www.mnd.gov.tw/PublishMPPeriodical.aspx?title=%u8ecd%u4e8b%u520a%u7269&id=7
第57卷576期,20210408,俄羅斯運用社群媒體進行資訊戰之分析 —以2014年克里米亞事件為例,曾柏元,https://www.mnd.gov.tw/PublishMPPeriodical.aspx?title=%u8ecd%u4e8b%u520a%u7269&id=7
第57卷576期,20210408,中華民國遷臺初期白團對國軍「實踐部隊」的重建訓練,王懷慶,https://www.mnd.gov.tw/PublishMPPeriodical.aspx?title=%u8ecd%u4e8b%u520a%u7269&id=7
第57卷576期,20210408,《國軍教戰總則》之實踐—運用「OKR」思維,談家成,https://www.mnd.gov.tw/PublishMPPeriodical.aspx?title=%u8ecd%u4e8b%u520a%u7269&id=7
第57卷575期,20210202,紀念抗日戰爭勝利76周年 —效法名將烈士忠貞志節與革命精神,李峋、余永章,https://www.mnd.gov.tw/PublishMPPeriodical.aspx?title=%u8ecd%u4e8b%u520a%u7269&id=7
第57卷575期,20210202,從張自忠將軍「英烈千秋」遺風論現今軍人武德重要性,袁志忠,https://www.mnd.gov.tw/PublishMPPeriodical.aspx?title=%u8ecd%u4e8b%u520a%u7269&id=7
第57卷575期,20210202,柯爾伯學習方式量表於教學準備之應用 —以陸軍專科學校士官長正規班為例,卓楷和,https://www.mnd.gov.tw/PublishMPPeriodical.aspx?title=%u8ecd%u4e8b%u520a%u7269&id=7
第57卷575期,20210202,2015年中共軍事改革後火箭軍發展之研析,謝游麟,https://www.mnd.gov.tw/PublishMPPeriodical.aspx?title=%u8ecd%u4e8b%u520a%u7269&id=7
第57卷575期,20210202,藉賽訓結合—強化「運動員戰士」身體素質之研究,鄭朝政、謝文英,https://www.mnd.gov.tw/PublishMPPeriodical.aspx?title=%u8ecd%u4e8b%u520a%u7269&id=7
第57卷575期,20210202,我武維揚—傳承干城部隊精實精神，榮耀歷史見證,楊雅妮,https://www.mnd.gov.tw/PublishMPPeriodical.aspx?title=%u8ecd%u4e8b%u520a%u7269&id=7
第57卷575期,20210202,「砲科首學、兵監治校」，發揚砲兵部隊光榮歷史,朱涵瑋,https://www.mnd.gov.tw/PublishMPPeriodical.aspx?title=%u8ecd%u4e8b%u520a%u7269&id=7
第56卷574期,20201201,美軍軍事階層「戰略溝通」機制之探析,吳淑如,https://www.mnd.gov.tw/PublishMPPeriodical.aspx?title=%u8ecd%u4e8b%u520a%u7269&id=7
第56卷574期,20201201,國軍野戰戰略與美軍戰區戰略比較研究,胡敏遠,https://www.mnd.gov.tw/PublishMPPeriodical.aspx?title=%u8ecd%u4e8b%u520a%u7269&id=7
第56卷574期,20201201,我國陸軍第一代兵科徽章設計意象之研究,莊振輝,https://www.mnd.gov.tw/PublishMPPeriodical.aspx?title=%u8ecd%u4e8b%u520a%u7269&id=7
第56卷574期,20201201,從美軍戰場壓力管控機制探討國軍戰場抗壓作為,羅晴云、陳依翔,https://www.mnd.gov.tw/PublishMPPeriodical.aspx?title=%u8ecd%u4e8b%u520a%u7269&id=7
第56卷574期,20201201,1950年國軍舟山轉進作戰情報作為與得失啟示,鄭維中、王懷慶,https://www.mnd.gov.tw/PublishMPPeriodical.aspx?title=%u8ecd%u4e8b%u520a%u7269&id=7
第56卷574期,20201201,至誠、摯愛、熾熱—「精是部隊」的榮耀歷史,趙德宏,https://www.mnd.gov.tw/PublishMPPeriodical.aspx?title=%u8ecd%u4e8b%u520a%u7269&id=7
第56卷574期,20201201,忠肝如鐵石，義膽干雲天，驃騎躍中原，悍氣壯山河,徐偉哲,https://www.mnd.gov.tw/PublishMPPeriodical.aspx?title=%u8ecd%u4e8b%u520a%u7269&id=7
第56卷574期,20201201,孫子兵法摘要中英對照–虛實篇,黎明文化出版社,https://www.mnd.gov.tw/PublishMPPeriodical.aspx?title=%u8ecd%u4e8b%u520a%u7269&id=7
第56卷573期,20201005,探討國軍單兵戰鬥裝備未來研改之方向,陳彥傑、呂宗翰,https://www.mnd.gov.tw/PublishMPPeriodical.aspx?title=%u8ecd%u4e8b%u520a%u7269&id=7
第56卷573期,20201005,防衛作戰後勤支援之研究—以戰場搶修為例,侯玉霜,https://www.mnd.gov.tw/PublishMPPeriodical.aspx?title=%u8ecd%u4e8b%u520a%u7269&id=7
第56卷573期,20201005,2019年沙烏地阿拉伯油田遭無人機攻擊事件研究 —論陸軍野戰防空 ,洪安妮、謝志淵,https://www.mnd.gov.tw/PublishMPPeriodical.aspx?title=%u8ecd%u4e8b%u520a%u7269&id=7
第56卷573期,20201005,中共研發全氮陰離子鹽對我威脅與影響之研析,簡宏宇,https://www.mnd.gov.tw/PublishMPPeriodical.aspx?title=%u8ecd%u4e8b%u520a%u7269&id=7
第56卷573期,20201005,聯合部隊如何達成知識管理的相互協作：以多軍種的戰術、技術與程序為例,鄧炘傑,https://www.mnd.gov.tw/PublishMPPeriodical.aspx?title=%u8ecd%u4e8b%u520a%u7269&id=7
第56卷573期,20201005,培養在作戰團隊中信任人工智慧之準備,劉宗翰,https://www.mnd.gov.tw/PublishMPPeriodical.aspx?title=%u8ecd%u4e8b%u520a%u7269&id=7
第56卷573期,20201005,傳承雲台部隊軍魂精神，榮耀歷史見證 ,陳威宇,https://www.mnd.gov.tw/PublishMPPeriodical.aspx?title=%u8ecd%u4e8b%u520a%u7269&id=7
第56卷573期,20201005,臨陣當先決戰致勝「步兵部隊光榮戰史」之啟示,孫銘鴻,https://www.mnd.gov.tw/PublishMPPeriodical.aspx?title=%u8ecd%u4e8b%u520a%u7269&id=7
第56卷572期,20200803,人工智慧(AI)對未來戰爭之影響 ,曾祥穎,https://www.mnd.gov.tw/PublishMPPeriodical.aspx?title=%u8ecd%u4e8b%u520a%u7269&id=7
第56卷572期,20200803,軍事武器人工智慧(AI)化對戰爭倫理影響之研究,鍾心豪,https://www.mnd.gov.tw/PublishMPPeriodical.aspx?title=%u8ecd%u4e8b%u520a%u7269&id=7
第56卷572期,20200803,回顧一江山戰役緬懷壯烈軍人魂,李峋、余永章,https://www.mnd.gov.tw/PublishMPPeriodical.aspx?title=%u8ecd%u4e8b%u520a%u7269&id=7
第56卷572期,20200803,因應新型冠狀病毒國軍消毒防疫作為之研析,羅斯鴻,https://www.mnd.gov.tw/PublishMPPeriodical.aspx?title=%u8ecd%u4e8b%u520a%u7269&id=7
第56卷572期,20200803,中共運用混合戰對我國安全威脅之因應 ,曾柏元,https://www.mnd.gov.tw/PublishMPPeriodical.aspx?title=%u8ecd%u4e8b%u520a%u7269&id=7
第56卷572期,20200803,知識決勝—未來戰爭與戰略角逐的競爭優勢(譯文) ,鄧炘傑,https://www.mnd.gov.tw/PublishMPPeriodical.aspx?title=%u8ecd%u4e8b%u520a%u7269&id=7
第56卷572期,20200803,孫子兵法中英對照－兵勢篇,黎明文化出版社提供授權刊登,https://www.mnd.gov.tw/PublishMPPeriodical.aspx?title=%u8ecd%u4e8b%u520a%u7269&id=7
第56卷571期,20200602,黃埔軍校的傳統精神－民國102年6月15日故參謀總長 郝一級上將在陸軍官校黃埔賓館講稿內容,轉載自國防大學編印《國軍的傳承與發揚》,https://www.mnd.gov.tw/PublishMPPeriodical.aspx?title=%u8ecd%u4e8b%u520a%u7269&id=7
第56卷571期,20200602,敬愛的黃埔老師－李承山老師與我,黃奕炳,https://www.mnd.gov.tw/PublishMPPeriodical.aspx?title=%u8ecd%u4e8b%u520a%u7269&id=7
第56卷571期,20200602,簡介：美軍當前訓練體系暨科技化訓練,邱雁熙、蘇遂龍,https://www.mnd.gov.tw/PublishMPPeriodical.aspx?title=%u8ecd%u4e8b%u520a%u7269&id=7
第56卷571期,20200602,常備兵役軍事訓練役男的自我認同發展情形： 軍事社會化之影響,洪匡志,https://www.mnd.gov.tw/PublishMPPeriodical.aspx?title=%u8ecd%u4e8b%u520a%u7269&id=7
第56卷571期,20200602,析論國軍十大戰爭原則－《孫子兵法》觀點 ,謝游麟,https://www.mnd.gov.tw/PublishMPPeriodical.aspx?title=%u8ecd%u4e8b%u520a%u7269&id=7
第56卷571期,20200602,大數據分析於陸軍通信零附件補給之研究,蔡景銘,https://www.mnd.gov.tw/PublishMPPeriodical.aspx?title=%u8ecd%u4e8b%u520a%u7269&id=7
第56卷571期,20200602,我國兵役制度調整對軍事動員影響之初探,盧守謙,https://www.mnd.gov.tw/PublishMPPeriodical.aspx?title=%u8ecd%u4e8b%u520a%u7269&id=7
第56卷570期,20200406,論野戰戰略「目標選擇」原則－以1942年「緬甸戰役」為例 ,胡敏遠,https://www.mnd.gov.tw/PublishMPPeriodical.aspx?title=%u8ecd%u4e8b%u520a%u7269&id=7
第56卷570期,20200406,冷戰結束後中共核武戰略之演變(1991～2018) ,楊育州,https://www.mnd.gov.tw/PublishMPPeriodical.aspx?title=%u8ecd%u4e8b%u520a%u7269&id=7
第56卷570期,20200406,我國國家安全情報制度發展與變革之研究,陳建湧,https://www.mnd.gov.tw/PublishMPPeriodical.aspx?title=%u8ecd%u4e8b%u520a%u7269&id=7
第56卷570期,20200406,陸軍現代化戰略(譯文) ,朱子宏,https://www.mnd.gov.tw/PublishMPPeriodical.aspx?title=%u8ecd%u4e8b%u520a%u7269&id=7
第56卷570期,20200406,社群媒體已經成為資訊戰的利器,鄧炘傑,https://www.mnd.gov.tw/PublishMPPeriodical.aspx?title=%u8ecd%u4e8b%u520a%u7269&id=7
第56卷570期,20200406,中英對照－軍形篇,黎明文化出版社授權刊登,https://www.mnd.gov.tw/PublishMPPeriodical.aspx?title=%u8ecd%u4e8b%u520a%u7269&id=7
第56卷569期,20200203,簡述將校才德治軍之要,余永章,https://www.mnd.gov.tw/PublishMPPeriodical.aspx?title=%u8ecd%u4e8b%u520a%u7269&id=7
第56卷569期,20200203,論述第二次世界大戰德國名將古德林、曼斯坦、隆美爾將道風範,徐衍璞,https://www.mnd.gov.tw/PublishMPPeriodical.aspx?title=%u8ecd%u4e8b%u520a%u7269&id=7
第56卷569期,20200203,中美貿易戰對我國防之影響,曾祥穎,https://www.mnd.gov.tw/PublishMPPeriodical.aspx?title=%u8ecd%u4e8b%u520a%u7269&id=7
第56卷569期,20200203,美軍聯合作戰計畫作為之「重心分析」與「作戰設計」關聯性研究,謝志淵,https://www.mnd.gov.tw/PublishMPPeriodical.aspx?title=%u8ecd%u4e8b%u520a%u7269&id=7
第56卷569期,20200203,防衛作戰中提升跨越河川障礙能量之研究 ,吳義超、傅順鋒,https://www.mnd.gov.tw/PublishMPPeriodical.aspx?title=%u8ecd%u4e8b%u520a%u7269&id=7
第56卷569期,20200203,美陸軍野戰砲兵連陣地防護作為探討與啟示,蔡正章,https://www.mnd.gov.tw/PublishMPPeriodical.aspx?title=%u8ecd%u4e8b%u520a%u7269&id=7
第56卷569期,20200203,解放軍合成營編制裝備之研析,陳津萍、張貽智,https://www.mnd.gov.tw/PublishMPPeriodical.aspx?title=%u8ecd%u4e8b%u520a%u7269&id=7
第56卷569期,20200203,兵聖不再？評克勞塞維茨之軍事理論 ,朱子宏,https://www.mnd.gov.tw/PublishMPPeriodical.aspx?title=%u8ecd%u4e8b%u520a%u7269&id=7
第55卷568期,20191206,美國陸軍網路戰概念發展之探討,鄭棟元,https://www.mnd.gov.tw/PublishMPPeriodical.aspx?title=%u8ecd%u4e8b%u520a%u7269&id=7
第55卷568期,20191206,美軍史崔克旅編裝調整對我機步部隊未來發展之研究,蔡宗祐,https://www.mnd.gov.tw/PublishMPPeriodical.aspx?title=%u8ecd%u4e8b%u520a%u7269&id=7
第55卷568期,20191206,2019年美陸軍成立I2CEWS營級分遣隊對我陸軍通資電戰力組建之啟示,王清安,https://www.mnd.gov.tw/PublishMPPeriodical.aspx?title=%u8ecd%u4e8b%u520a%u7269&id=7
第55卷568期,20191206,共軍對於人工智慧(AI)之發展與政策建議,謝游麟,https://www.mnd.gov.tw/PublishMPPeriodical.aspx?title=%u8ecd%u4e8b%u520a%u7269&id=7
第55卷568期,20191206,中共無人飛行載具發展對我防衛作戰威脅之研究 ,吳姝璇,https://www.mnd.gov.tw/PublishMPPeriodical.aspx?title=%u8ecd%u4e8b%u520a%u7269&id=7
第55卷568期,20191206,資訊時代的資訊戰,鄧炘傑,https://www.mnd.gov.tw/PublishMPPeriodical.aspx?title=%u8ecd%u4e8b%u520a%u7269&id=7
第55卷568期,20191206,中英對照－謀攻篇,文／黎明文化出版社授權刊登,https://www.mnd.gov.tw/PublishMPPeriodical.aspx?title=%u8ecd%u4e8b%u520a%u7269&id=7
第55卷567期,20191004,紀念古寧頭大捷70周年－繼志承烈，扭轉戰局,余永章,https://www.mnd.gov.tw/PublishMPPeriodical.aspx?title=%u8ecd%u4e8b%u520a%u7269&id=7
第55卷567期,20191004,析論1949年金門及登步兩島作戰對國共雙方的影響與啟示,王懷慶,https://www.mnd.gov.tw/PublishMPPeriodical.aspx?title=%u8ecd%u4e8b%u520a%u7269&id=7
第55卷567期,20191004,美軍多領域作戰理論之緣起與實踐,朱子宏,https://www.mnd.gov.tw/PublishMPPeriodical.aspx?title=%u8ecd%u4e8b%u520a%u7269&id=7
第55卷567期,20191004,從美軍多領域作戰之「作戰框架前瞻國軍戰場情報準備之發展 ,謝志淵,https://www.mnd.gov.tw/PublishMPPeriodical.aspx?title=%u8ecd%u4e8b%u520a%u7269&id=7
第55卷567期,20191004,共軍登陸作戰破障能力之研究,陳威霖、周寬渝,https://www.mnd.gov.tw/PublishMPPeriodical.aspx?title=%u8ecd%u4e8b%u520a%u7269&id=7
第55卷567期,20191004,美國陸軍「戰神」擴增實境沙盤(ARES)發展及對我教育訓練運用之探討 ,林俊安,https://www.mnd.gov.tw/PublishMPPeriodical.aspx?title=%u8ecd%u4e8b%u520a%u7269&id=7
第55卷567期,20191004,跳脫灰色地帶框架：特種作戰在多領域戰鬥中的角色,劉宗翰,https://www.mnd.gov.tw/PublishMPPeriodical.aspx?title=%u8ecd%u4e8b%u520a%u7269&id=7
第55卷567期,20191004,孫子兵法摘要－作戰篇 ,羅順德,https://www.mnd.gov.tw/PublishMPPeriodical.aspx?title=%u8ecd%u4e8b%u520a%u7269&id=7
第55卷566期,20190729,中共領導人習近平對臺軍事心理戰策略研析(2013～2018),陳煥森,https://www.mnd.gov.tw/PublishMPPeriodical.aspx?title=%u8ecd%u4e8b%u520a%u7269&id=7
第55卷566期,20190729,論解放軍東部戰區實踐「積極防禦」的戰略構想,胡敏遠,https://www.mnd.gov.tw/PublishMPPeriodical.aspx?title=%u8ecd%u4e8b%u520a%u7269&id=7
第55卷566期,20190729,析論中共陸軍改革之意涵與發展現況,謝游麟,https://www.mnd.gov.tw/PublishMPPeriodical.aspx?title=%u8ecd%u4e8b%u520a%u7269&id=7
第55卷566期,20190729,打擊高效益目標－美陸軍目標處理作業發展與啟示,蔡正章,https://www.mnd.gov.tw/PublishMPPeriodical.aspx?title=%u8ecd%u4e8b%u520a%u7269&id=7
第55卷566期,20190729,在無所不在的情監偵環境下，強化保密與奇襲,鄧炘傑,https://www.mnd.gov.tw/PublishMPPeriodical.aspx?title=%u8ecd%u4e8b%u520a%u7269&id=7
第55卷566期,20190729,孫子兵法-中英文摘要 ,黎明出版社授權刊登,https://www.mnd.gov.tw/PublishMPPeriodical.aspx?title=%u8ecd%u4e8b%u520a%u7269&id=7
第55卷566期,20190729,陸軍絮語,劉先昌,https://www.mnd.gov.tw/PublishMPPeriodical.aspx?title=%u8ecd%u4e8b%u520a%u7269&id=7
第55卷565期,20190529,巍巍黃埔，國之干城,余永章,https://www.mnd.gov.tw/PublishMPPeriodical.aspx?title=%u8ecd%u4e8b%u520a%u7269&id=7
第55卷565期,20190529,黃埔建軍95周年應有的體認與努力,施澤淵,https://www.mnd.gov.tw/PublishMPPeriodical.aspx?title=%u8ecd%u4e8b%u520a%u7269&id=7
第55卷565期,20190529,貫徹國軍軍事戰略－「防衛固守、重層嚇阻」作為之研究,胡敏遠,https://www.mnd.gov.tw/PublishMPPeriodical.aspx?title=%u8ecd%u4e8b%u520a%u7269&id=7
第55卷565期,20190529,中美「新冷戰」對亞太地緣戰略之影響　,曾祥穎,https://www.mnd.gov.tw/PublishMPPeriodical.aspx?title=%u8ecd%u4e8b%u520a%u7269&id=7
第55卷565期,20190529,中共軍機繞臺對我國謀略戰之運用與影響－以平、戰時為例,王逸雲、郭晃男,https://www.mnd.gov.tw/PublishMPPeriodical.aspx?title=%u8ecd%u4e8b%u520a%u7269&id=7
第55卷565期,20190529,從孫子兵法「分數、致人、知敵、用間」用兵理則－探討美軍「多領域作戰」,曾柏元,https://www.mnd.gov.tw/PublishMPPeriodical.aspx?title=%u8ecd%u4e8b%u520a%u7269&id=7
第55卷565期,20190529,從美國人的視角論中共海外影響力建構與干預作為,劉宗翰,https://www.mnd.gov.tw/PublishMPPeriodical.aspx?title=%u8ecd%u4e8b%u520a%u7269&id=7
第55卷565期,20190529,從黃埔精神體認當責之重要性 ,李陳同,https://www.mnd.gov.tw/PublishMPPeriodical.aspx?title=%u8ecd%u4e8b%u520a%u7269&id=7
第55卷565期,20190529,黃埔建軍95周年校慶感言,洪春棋,https://www.mnd.gov.tw/PublishMPPeriodical.aspx?title=%u8ecd%u4e8b%u520a%u7269&id=7
第55卷565期,20190529,軍人魂、黃埔恩,于北辰,https://www.mnd.gov.tw/PublishMPPeriodical.aspx?title=%u8ecd%u4e8b%u520a%u7269&id=7
第55卷565期,20190529,憶官校服務軼事趣聞,劉昺坤,https://www.mnd.gov.tw/PublishMPPeriodical.aspx?title=%u8ecd%u4e8b%u520a%u7269&id=7
第55卷565期,20190529,祝母校「95周年校慶」生日快樂！,黃仁偉,https://www.mnd.gov.tw/PublishMPPeriodical.aspx?title=%u8ecd%u4e8b%u520a%u7269&id=7
第55卷564期,20190403,從《孫子兵法》不對稱思維探討我全民國防優勢作為,談家成,https://www.mnd.gov.tw/PublishMPPeriodical.aspx?title=%u8ecd%u4e8b%u520a%u7269&id=7
第55卷564期,20190403,從赤壁戰役前後看曹操《孫子兵法》的運用,涂榮華,https://www.mnd.gov.tw/PublishMPPeriodical.aspx?title=%u8ecd%u4e8b%u520a%u7269&id=7
第55卷564期,20190403,從精進士官制度探討工作滿足與組織承諾關係之研究 －以工作輪調為調節變項,秦大智,https://www.mnd.gov.tw/PublishMPPeriodical.aspx?title=%u8ecd%u4e8b%u520a%u7269&id=7
第55卷564期,20190403,1942年中國遠征軍同古作戰研究－兼論戴安瀾將軍武德典範,王懷慶,https://www.mnd.gov.tw/PublishMPPeriodical.aspx?title=%u8ecd%u4e8b%u520a%u7269&id=7
第55卷564期,20190403,從網路空間構建探討中共網路防禦能力,王清安,https://www.mnd.gov.tw/PublishMPPeriodical.aspx?title=%u8ecd%u4e8b%u520a%u7269&id=7
第55卷564期,20190403,營長任職體認,傅璦厚,https://www.mnd.gov.tw/PublishMPPeriodical.aspx?title=%u8ecd%u4e8b%u520a%u7269&id=7
第55卷564期,20190403,任務指揮的難處－靈活指揮與指揮管制的未來?,鄧炘傑,https://www.mnd.gov.tw/PublishMPPeriodical.aspx?title=%u8ecd%u4e8b%u520a%u7269&id=7
第55卷564期,20190403,老士官的故事,劉先昌,https://www.mnd.gov.tw/PublishMPPeriodical.aspx?title=%u8ecd%u4e8b%u520a%u7269&id=7
第55卷563期,20190130,2030年中共陸軍戰略之研析,曾祥穎,https://www.mnd.gov.tw/PublishMPPeriodical.aspx?title=%u8ecd%u4e8b%u520a%u7269&id=7
第55卷563期,20190130,中共陸航部隊於「三非作戰」運用之研究?,蕭新民、張震宇,https://www.mnd.gov.tw/PublishMPPeriodical.aspx?title=%u8ecd%u4e8b%u520a%u7269&id=7
第55卷563期,20190130,共軍「合成營」登陸突擊作戰工程兵支援能力之研究,周寬渝,https://www.mnd.gov.tw/PublishMPPeriodical.aspx?title=%u8ecd%u4e8b%u520a%u7269&id=7
第55卷563期,20190130,共軍防化兵部隊軍改後組織編裝之研究?,王淯憲,https://www.mnd.gov.tw/PublishMPPeriodical.aspx?title=%u8ecd%u4e8b%u520a%u7269&id=7
第55卷563期,20190130,從古典地緣政治學理論省思臺灣之戰略定位與轉變,謝志淵,https://www.mnd.gov.tw/PublishMPPeriodical.aspx?title=%u8ecd%u4e8b%u520a%u7269&id=7
第55卷563期,20190130,島嶼防衛作戰之研究─以1945年2月硫磺島戰役為例,游俊傑,https://www.mnd.gov.tw/PublishMPPeriodical.aspx?title=%u8ecd%u4e8b%u520a%u7269&id=7
第55卷563期,20190130,蛻變,賴靜瑜,https://www.mnd.gov.tw/PublishMPPeriodical.aspx?title=%u8ecd%u4e8b%u520a%u7269&id=7
第54卷562期,20181129,從「軍事外交」的理則論如何強化我國的「友盟合作」政策,胡敏遠,https://www.mnd.gov.tw/PublishMPPeriodical.aspx?title=%u8ecd%u4e8b%u520a%u7269&id=7
第54卷562期,20181129,中共戰略溝通運用於南海島礁爭議之研究,蘇義倫、田家綺,https://www.mnd.gov.tw/PublishMPPeriodical.aspx?title=%u8ecd%u4e8b%u520a%u7269&id=7
第54卷562期,20181129,中共近期軍事組織變革及其對亞太地區安全影響之研究,王鵬程,https://www.mnd.gov.tw/PublishMPPeriodical.aspx?title=%u8ecd%u4e8b%u520a%u7269&id=7
第54卷562期,20181129,哲學諮商在我國軍隊官兵輔導運用之研究,鍾心豪,https://www.mnd.gov.tw/PublishMPPeriodical.aspx?title=%u8ecd%u4e8b%u520a%u7269&id=7
第54卷562期,20181129,習近平時期共軍政工將領甄補與政策趨向－以「正戰區級」以上職務為例,陳煥森,https://www.mnd.gov.tw/PublishMPPeriodical.aspx?title=%u8ecd%u4e8b%u520a%u7269&id=7
第54卷562期,20181129,中共軍事教育發展與軍事院校變革之研究,羅正東、聶正忠,https://www.mnd.gov.tw/PublishMPPeriodical.aspx?title=%u8ecd%u4e8b%u520a%u7269&id=7
第54卷562期,20181129,中共網路戰攻擊手段與能力之研析,王清安,https://www.mnd.gov.tw/PublishMPPeriodical.aspx?title=%u8ecd%u4e8b%u520a%u7269&id=7
第54卷562期,20181129,克服逆境，戰勝自我,吳長樺,https://www.mnd.gov.tw/PublishMPPeriodical.aspx?title=%u8ecd%u4e8b%u520a%u7269&id=7
第54卷562期,20181129,《伐兵有道》,陳鴻義,https://www.mnd.gov.tw/PublishMPPeriodical.aspx?title=%u8ecd%u4e8b%u520a%u7269&id=7
第54卷561期,20181005,美軍「統一陸上作戰」與「多領域作戰」準則內涵之探究?,湯忠龍,https://www.mnd.gov.tw/PublishMPPeriodical.aspx?title=%u8ecd%u4e8b%u520a%u7269&id=7
第54卷561期,20181005,多領域作戰：推動贏得未來作戰的變革?,李建昇,https://www.mnd.gov.tw/PublishMPPeriodical.aspx?title=%u8ecd%u4e8b%u520a%u7269&id=7
第54卷561期,20181005,印太地區與多領域作戰概念,黃文啟,https://www.mnd.gov.tw/PublishMPPeriodical.aspx?title=%u8ecd%u4e8b%u520a%u7269&id=7
第54卷561期,20181005,共軍低空飛行載具對我反登陸作戰垂直阻絕作為影響之研究?,徐文博、陳威霖,https://www.mnd.gov.tw/PublishMPPeriodical.aspx?title=%u8ecd%u4e8b%u520a%u7269&id=7
第54卷561期,20181005,國防科技前瞻規劃－以國防科技學術合作計畫為例?,方玉龍、鍾玉萍,https://www.mnd.gov.tw/PublishMPPeriodical.aspx?title=%u8ecd%u4e8b%u520a%u7269&id=7
第54卷561期,20181005,析論《孫臏兵法》之軍事思想與體認,謝游麟,https://www.mnd.gov.tw/PublishMPPeriodical.aspx?title=%u8ecd%u4e8b%u520a%u7269&id=7
第54卷561期,20181005,從執行災害防救探討我國動員準備機制之研究?,蔡柏璋,https://www.mnd.gov.tw/PublishMPPeriodical.aspx?title=%u8ecd%u4e8b%u520a%u7269&id=7
第54卷560期,20180809,菊島駐防的歲月,劉先昌,https://www.mnd.gov.tw/PublishMPPeriodical.aspx?title=%u8ecd%u4e8b%u520a%u7269&id=7
第54卷560期,20180809,從政治溝通理論探討中共社會訊息控制－以「網路評論員」為例?,謝志淵、曾柏元,https://www.mnd.gov.tw/PublishMPPeriodical.aspx?title=%u8ecd%u4e8b%u520a%u7269&id=7
第54卷560期,20180809,中共「火箭軍」威懾能力之研究,鍾永和,https://www.mnd.gov.tw/PublishMPPeriodical.aspx?title=%u8ecd%u4e8b%u520a%u7269&id=7
第54卷560期,20180809,中共2016《網絡安全法》對網路空間建構能力之影響,王清安,https://www.mnd.gov.tw/PublishMPPeriodical.aspx?title=%u8ecd%u4e8b%u520a%u7269&id=7
第54卷560期,20180809,從認識與調適工作壓力淺談官兵心理輔導工作,林俊傑、廖家偉、謝文英,https://www.mnd.gov.tw/PublishMPPeriodical.aspx?title=%u8ecd%u4e8b%u520a%u7269&id=7
第54卷560期,20180809,「軍人倫理」教育－國軍正反案例探討?,王俊南,https://www.mnd.gov.tw/PublishMPPeriodical.aspx?title=%u8ecd%u4e8b%u520a%u7269&id=7
第54卷560期,20180809,面對時代變遷之軍人品格教育重要性,余永章,https://www.mnd.gov.tw/PublishMPPeriodical.aspx?title=%u8ecd%u4e8b%u520a%u7269&id=7
第54卷560期,20180809,八二三砲戰後白團對金門的視察報告－兼論島嶼反登陸作戰,王懷慶,https://www.mnd.gov.tw/PublishMPPeriodical.aspx?title=%u8ecd%u4e8b%u520a%u7269&id=7
第54卷560期,20180809,八二三砲戰二三事,胡元傑,https://www.mnd.gov.tw/PublishMPPeriodical.aspx?title=%u8ecd%u4e8b%u520a%u7269&id=7
第54卷560期,20180809,紀念金門「八二三」砲戰勝利60周年之體認與啟示,編輯部,https://www.mnd.gov.tw/PublishMPPeriodical.aspx?title=%u8ecd%u4e8b%u520a%u7269&id=7
第54卷第559期,20180530,《世界主義軍事實踐－21世紀武裝部隊與人類安全》?,黃國揚,https://www.mnd.gov.tw/PublishMPPeriodical.aspx?title=%u8ecd%u4e8b%u520a%u7269&id=7
第54卷第559期,20180530,陸光國劇入眷村,劉先昌,https://www.mnd.gov.tw/PublishMPPeriodical.aspx?title=%u8ecd%u4e8b%u520a%u7269&id=7
第54卷第559期,20180530,任務式指揮2.0版：從個人主義到集體主義模式,劉宗翰(譯),https://www.mnd.gov.tw/PublishMPPeriodical.aspx?title=%u8ecd%u4e8b%u520a%u7269&id=7
第54卷第559期,20180530,削足適履：美國陸軍任務式指揮之分析,胡元傑(譯),https://www.mnd.gov.tw/PublishMPPeriodical.aspx?title=%u8ecd%u4e8b%u520a%u7269&id=7
第54卷第559期,20180530,以野戰戰略觀點論析1942年德軍對蘇聯之夏季攻勢戰役計畫,彭群堂,https://www.mnd.gov.tw/PublishMPPeriodical.aspx?title=%u8ecd%u4e8b%u520a%u7269&id=7
第54卷第559期,20180530,習近平軍改前後「三戰」組織架構轉變研析,陳津萍,https://www.mnd.gov.tw/PublishMPPeriodical.aspx?title=%u8ecd%u4e8b%u520a%u7269&id=7
第54卷第559期,20180530,共軍軍隊組織結構改革與軍銜階級制度之研究?,田家綺,https://www.mnd.gov.tw/PublishMPPeriodical.aspx?title=%u8ecd%u4e8b%u520a%u7269&id=7
第54卷第559期,20180530,論中共陸軍之改制?,曾祥穎,https://www.mnd.gov.tw/PublishMPPeriodical.aspx?title=%u8ecd%u4e8b%u520a%u7269&id=7
第54卷558期,20180406,馬祖好「運」到?,張峰鳴,https://www.mnd.gov.tw/PublishMPPeriodical.aspx?title=%u8ecd%u4e8b%u520a%u7269&id=7
第54卷558期,20180406,外籍軍官培訓打造中共軟實力,胡元傑(譯),https://www.mnd.gov.tw/PublishMPPeriodical.aspx?title=%u8ecd%u4e8b%u520a%u7269&id=7
第54卷558期,20180406,中共鐵路建設之國防軍事用途研究?,劉志仁,https://www.mnd.gov.tw/PublishMPPeriodical.aspx?title=%u8ecd%u4e8b%u520a%u7269&id=7
第54卷558期,20180406,中共「21世紀海上絲綢之路」對軍事影響之研究?,鍾永和,https://www.mnd.gov.tw/PublishMPPeriodical.aspx?title=%u8ecd%u4e8b%u520a%u7269&id=7
第54卷558期,20180406,越戰—1965年德浪河谷作戰研究,謝志淵,https://www.mnd.gov.tw/PublishMPPeriodical.aspx?title=%u8ecd%u4e8b%u520a%u7269&id=7
第54卷558期,20180406,從「戰爭倫理」觀點檢視第二次車臣戰爭的「正義」與「不義」—兼論對國軍之啟示,張玲玲,https://www.mnd.gov.tw/PublishMPPeriodical.aspx?title=%u8ecd%u4e8b%u520a%u7269&id=7
第54卷558期,20180406,從俄羅斯網路戰發展對我陸軍資電作戰構建之啟示?,黃基禎、王清安,https://www.mnd.gov.tw/PublishMPPeriodical.aspx?title=%u8ecd%u4e8b%u520a%u7269&id=7
第54卷557期,20180208,中共「十九大」後強國願景與「強軍夢」,施澤淵,https://www.mnd.gov.tw/PublishMPPeriodical.aspx?title=%u8ecd%u4e8b%u520a%u7269&id=7
第54卷557期,20180208,從孫政才落馬看中共十九大前的權力鬥爭?,陳建源,https://www.mnd.gov.tw/PublishMPPeriodical.aspx?title=%u8ecd%u4e8b%u520a%u7269&id=7
第54卷557期,20180208,官渡戰役中探討曹操戰略布局?,涂榮華,https://www.mnd.gov.tw/PublishMPPeriodical.aspx?title=%u8ecd%u4e8b%u520a%u7269&id=7
第54卷557期,20180208,1940年德比「艾本艾美爾」要塞作戰研究,謝志淵、張冠群,https://www.mnd.gov.tw/PublishMPPeriodical.aspx?title=%u8ecd%u4e8b%u520a%u7269&id=7
第54卷557期,20180208,《孫子兵法》與《戰爭論》攻防思想之比較?,葛惠敏,https://www.mnd.gov.tw/PublishMPPeriodical.aspx?title=%u8ecd%u4e8b%u520a%u7269&id=7
第54卷557期,20180208,構建國軍雲端資料中心資訊安全防護關鍵因子之初探?,劉定衢,https://www.mnd.gov.tw/PublishMPPeriodical.aspx?title=%u8ecd%u4e8b%u520a%u7269&id=7
第54卷557期,20180208,部隊防護的思維,鄧炘傑,https://www.mnd.gov.tw/PublishMPPeriodical.aspx?title=%u8ecd%u4e8b%u520a%u7269&id=7
第53卷556期,20171128,馬防部常備兵役軍事訓練優秀役男外島見學心得,薛健哲,https://www.mnd.gov.tw/PublishMPPeriodical.aspx?title=%u8ecd%u4e8b%u520a%u7269&id=7
第53卷556期,20171128,中、印爭水之戰,胡元傑,https://www.mnd.gov.tw/PublishMPPeriodical.aspx?title=%u8ecd%u4e8b%u520a%u7269&id=7
第53卷556期,20171128,從風險管理觀點探討國軍體適能訓測安全防險之研究?,徐慶帆,https://www.mnd.gov.tw/PublishMPPeriodical.aspx?title=%u8ecd%u4e8b%u520a%u7269&id=7
第53卷556期,20171128,析論成吉思汗之軍事思想與啟示,謝游麟,https://www.mnd.gov.tw/PublishMPPeriodical.aspx?title=%u8ecd%u4e8b%u520a%u7269&id=7
第53卷556期,20171128,共軍「兩棲作戰能力」發展之研析?,簡一建,https://www.mnd.gov.tw/PublishMPPeriodical.aspx?title=%u8ecd%u4e8b%u520a%u7269&id=7
第53卷556期,20171128,共軍登陸作戰中砲兵部隊突擊上陸與陸上作戰階段運用之研究,張嘉文,https://www.mnd.gov.tw/PublishMPPeriodical.aspx?title=%u8ecd%u4e8b%u520a%u7269&id=7
第53卷556期,20171128,析論中共「十四年抗戰」史觀?,王懷慶、曾世傑,https://www.mnd.gov.tw/PublishMPPeriodical.aspx?title=%u8ecd%u4e8b%u520a%u7269&id=7
第53卷555期,20170930,龍騰虎躍小陸光,劉先昌,https://www.mnd.gov.tw/PublishMPPeriodical.aspx?title=%u8ecd%u4e8b%u520a%u7269&id=7
第53卷555期,20170930,網際空間特種作戰的戰略發展,譯者鄧炘傑,https://www.mnd.gov.tw/PublishMPPeriodical.aspx?title=%u8ecd%u4e8b%u520a%u7269&id=7
第53卷555期,20170930,巨量輿情數據導入國軍公眾事件應處可行性之探討－以國家公共服務為例,楊海波,https://www.mnd.gov.tw/PublishMPPeriodical.aspx?title=%u8ecd%u4e8b%u520a%u7269&id=7
第53卷555期,20170930,從「合理區別對待」探討陸軍士官經管與待遇之研究,蔡柏璋、蕭新民,https://www.mnd.gov.tw/PublishMPPeriodical.aspx?title=%u8ecd%u4e8b%u520a%u7269&id=7
第53卷555期,20170930,防衛作戰工兵機動阻絕隊編組與運用之研究,吳奇諭、高唯真,https://www.mnd.gov.tw/PublishMPPeriodical.aspx?title=%u8ecd%u4e8b%u520a%u7269&id=7
第53卷555期,20170930,防衛作戰中雪山隧道實施戰術作為之探討?,黃國鈞,https://www.mnd.gov.tw/PublishMPPeriodical.aspx?title=%u8ecd%u4e8b%u520a%u7269&id=7
第53卷555期,20170930,當代恐怖主義發展對全球安全影響之研究,王鵬程,https://www.mnd.gov.tw/PublishMPPeriodical.aspx?title=%u8ecd%u4e8b%u520a%u7269&id=7
第53卷555期,20170930,俄羅斯軍事改革對中共之啟示,曾祥穎,https://www.mnd.gov.tw/PublishMPPeriodical.aspx?title=%u8ecd%u4e8b%u520a%u7269&id=7
第53卷554期,20170810,從軍小故事,蘇琇瑜,https://www.mnd.gov.tw/PublishMPPeriodical.aspx?title=%u8ecd%u4e8b%u520a%u7269&id=7
第53卷554期,20170810,多領域作戰：21世紀兵種協同?,黃文啟(譯者),https://www.mnd.gov.tw/PublishMPPeriodical.aspx?title=%u8ecd%u4e8b%u520a%u7269&id=7
第53卷554期,20170810,從「創新擴散」觀點探討即時通訊軟體對軍隊之影響 —以LINE與Juiker為例,謝志淵、曾柏元　,https://www.mnd.gov.tw/PublishMPPeriodical.aspx?title=%u8ecd%u4e8b%u520a%u7269&id=7
第53卷554期,20170810,友善校園建構 —從書院模式涵融於軍校通識教育談起,張國欽,https://www.mnd.gov.tw/PublishMPPeriodical.aspx?title=%u8ecd%u4e8b%u520a%u7269&id=7
第53卷554期,20170810,國軍心理衛生工作困境與突破之研究,王秋鳳,https://www.mnd.gov.tw/PublishMPPeriodical.aspx?title=%u8ecd%u4e8b%u520a%u7269&id=7
第53卷554期,20170810,中共發展海上人工浮島對我反登陸作戰影響之研析?,馮秋國,https://www.mnd.gov.tw/PublishMPPeriodical.aspx?title=%u8ecd%u4e8b%u520a%u7269&id=7
第53卷554期,20170810,共軍軍改元年演訓概況對我防衛作戰之啟示,王淯憲,https://www.mnd.gov.tw/PublishMPPeriodical.aspx?title=%u8ecd%u4e8b%u520a%u7269&id=7
第53卷554期,20170810,共軍推動第二波「軍改」暨其兵力結構之研究,施澤淵,https://www.mnd.gov.tw/PublishMPPeriodical.aspx?title=%u8ecd%u4e8b%u520a%u7269&id=7
第53卷553期,20170603,抗戰初期沈鴻烈將軍以謀略反制日軍之事蹟,吳鍾珍,https://www.mnd.gov.tw/PublishMPPeriodical.aspx?title=%u8ecd%u4e8b%u520a%u7269&id=7
第53卷553期,20170603,美軍武器系統獲得及當前之改革,譯者／胡元傑,https://www.mnd.gov.tw/PublishMPPeriodical.aspx?title=%u8ecd%u4e8b%u520a%u7269&id=7
第53卷553期,20170603,國軍M60A3主戰車性能提升研改延壽之芻議?,畢家麟,https://www.mnd.gov.tw/PublishMPPeriodical.aspx?title=%u8ecd%u4e8b%u520a%u7269&id=7
第53卷553期,20170603,防衛作戰裝甲部隊運用之研究 －以史達林格勒戰役及諾曼第戰役為例,蕭英煜、吳光中,https://www.mnd.gov.tw/PublishMPPeriodical.aspx?title=%u8ecd%u4e8b%u520a%u7269&id=7
第53卷553期,20170603,淺談21世紀中共人民解放軍通信技術與運用思維?,曾子軒,https://www.mnd.gov.tw/PublishMPPeriodical.aspx?title=%u8ecd%u4e8b%u520a%u7269&id=7
第53卷553期,20170603,論軍事科學在中共「軍民融合發展」路線之地位,曾祥穎,https://www.mnd.gov.tw/PublishMPPeriodical.aspx?title=%u8ecd%u4e8b%u520a%u7269&id=7
第53卷553期,20170603,緬懷對日抗戰堅苦卓絕的民族精神?,余永章,https://www.mnd.gov.tw/PublishMPPeriodical.aspx?title=%u8ecd%u4e8b%u520a%u7269&id=7
第53卷553期,20170603,紀念「七七」抗戰80周年之省思與啟示,施澤淵,https://www.mnd.gov.tw/PublishMPPeriodical.aspx?title=%u8ecd%u4e8b%u520a%u7269&id=7
第53卷552期,20170409,山中傳奇－北大武山訓練筆記,黃奕炳,https://www.mnd.gov.tw/PublishMPPeriodical.aspx?title=%u8ecd%u4e8b%u520a%u7269&id=7
第53卷552期,20170409,軍事創新與軍隊文化,胡元傑(譯者),https://www.mnd.gov.tw/PublishMPPeriodical.aspx?title=%u8ecd%u4e8b%u520a%u7269&id=7
第53卷552期,20170409,大學全民國防教育軍事訓練實施成效之研究,林俊傑、謝文英,https://www.mnd.gov.tw/PublishMPPeriodical.aspx?title=%u8ecd%u4e8b%u520a%u7269&id=7
第53卷552期,20170409,中共在南海島礁填海造陸之戰略手段與軍事意涵?,蔡志銓,https://www.mnd.gov.tw/PublishMPPeriodical.aspx?title=%u8ecd%u4e8b%u520a%u7269&id=7
第53卷552期,20170409,美古復交美國之戰略目的與作為,錢尹鑫、李竹軒,https://www.mnd.gov.tw/PublishMPPeriodical.aspx?title=%u8ecd%u4e8b%u520a%u7269&id=7
第53卷552期,20170409,日本國防發展對亞太區域安全之影響 －以2016年日本防衛白皮書為例?,蔣緯達,https://www.mnd.gov.tw/PublishMPPeriodical.aspx?title=%u8ecd%u4e8b%u520a%u7269&id=7
第53卷552期,20170409,亞太地緣戰略發展對我之影響,曾祥穎,https://www.mnd.gov.tw/PublishMPPeriodical.aspx?title=%u8ecd%u4e8b%u520a%u7269&id=7
第53卷551期,20170322,記李建復演出競賽歌劇－大漢天聲,劉先昌,https://www.mnd.gov.tw/PublishMPPeriodical.aspx?title=%u8ecd%u4e8b%u520a%u7269&id=7
第53卷551期,20170322,戰爭的第四個層次,譯者／鄧炘傑,https://www.mnd.gov.tw/PublishMPPeriodical.aspx?title=%u8ecd%u4e8b%u520a%u7269&id=7
第53卷551期,20170322,從風險管理觀點探討「寶可夢」現象對軍事安全之影響,曾柏元、謝志淵,https://www.mnd.gov.tw/PublishMPPeriodical.aspx?title=%u8ecd%u4e8b%u520a%u7269&id=7
第53卷551期,20170322,無人飛行載具應用於陸軍救災之可行性研究,陳郁文,https://www.mnd.gov.tw/PublishMPPeriodical.aspx?title=%u8ecd%u4e8b%u520a%u7269&id=7
第53卷551期,20170322,運用「聯戰訓練體系」提升部隊訓練之研究,王健民、吳光中,https://www.mnd.gov.tw/PublishMPPeriodical.aspx?title=%u8ecd%u4e8b%u520a%u7269&id=7
第53卷551期,20170322,中共利用93閱兵強化話語權之研究,江其豪、謝志淵,https://www.mnd.gov.tw/PublishMPPeriodical.aspx?title=%u8ecd%u4e8b%u520a%u7269&id=7
第53卷551期,20170322,共軍地面部隊夜視裝備發展對我防衛作戰影響之研析?,林山禾,https://www.mnd.gov.tw/PublishMPPeriodical.aspx?title=%u8ecd%u4e8b%u520a%u7269&id=7
第53卷551期,20170322,論《孫子兵法》之戰爭原理,謝游麟,https://www.mnd.gov.tw/PublishMPPeriodical.aspx?title=%u8ecd%u4e8b%u520a%u7269&id=7
第53卷551期,20170322,《孫子兵法》「圍地塞闕」新解－兼論臺灣的戰略地位,祝仲康,https://www.mnd.gov.tw/PublishMPPeriodical.aspx?title=%u8ecd%u4e8b%u520a%u7269&id=7
第53卷551期,20170322,民國初年孫子學說之研究與論證,謝台喜,https://www.mnd.gov.tw/PublishMPPeriodical.aspx?title=%u8ecd%u4e8b%u520a%u7269&id=7
,,,,
